Case ID,Activity,Resource,Complete Timestamp,Variant,Variant index,Variant,seriousness,customer,product,responsible_section,seriousness_2,service_level,service_type,support_section,workgroup
Case 1,Assign seriousness,Value 1,2012/10/09 14:50:17.000,Variant 12,12,Variant 12,Value 1,Value 1,Value 1,Value 1,Value 1,Value 1,Value 1,Value 1,Value 1
Case 1,Take in charge ticket,Value 1,2012/10/09 14:51:01.000,Variant 12,12,Variant 12,Value 1,Value 1,Value 1,Value 1,Value 1,Value 1,Value 1,Value 1,Value 1
Case 1,Take in charge ticket,Value 2,2012/10/12 15:02:56.000,Variant 12,12,Variant 12,Value 1,Value 1,Value 1,Value 1,Value 1,Value 2,Value 1,Value 1,Value 1
Case 1,Resolve ticket,Value 1,2012/10/25 11:54:26.000,Variant 12,12,Variant 12,Value 1,Value 1,Value 1,Value 1,Value 1,Value 2,Value 1,Value 1,Value 1
Case 1,Closed,Value 3,2012/11/09 12:54:39.000,Variant 12,12,Variant 12,Value 1,Value 1,Value 1,Value 1,Value 1,Value 2,Value 1,Value 1,Value 1
Case 2,Assign seriousness,Value 4,2012/04/03 08:55:38.000,Variant 1,1,Variant 1,Value 1,Value 2,Value 2,Value 1,Value 1,Value 2,Value 1,Value 1,Value 1
Case 2,Take in charge ticket,Value 4,2012/04/03 08:55:53.000,Variant 1,1,Variant 1,Value 1,Value 2,Value 2,Value 1,Value 1,Value 2,Value 1,Value 1,Value 1
Case 2,Resolve ticket,Value 4,2012/04/05 09:15:52.000,Variant 1,1,Variant 1,Value 1,Value 2,Value 2,Value 1,Value 1,Value 2,Value 1,Value 1,Value 1
Case 2,Closed,Value 5,2012/05/19 09:00:28.000,Variant 1,1,Variant 1,Value 1,Value 2,Value 2,Value 1,Value 1,Value 2,Value 1,Value 1,Value 1
